1,0.6,99.4318181818182,0.185505721462071,44.8863636363636
1,0.8,99.4318181818182,0.235763252775258,68.75
1,1,99.4318181818182,0.264373170426029,91.4772727272727
1,1.2,89.2045454545455,0.280772517154377,98.8636363636364
1,1.4,64.2045454545455,0.291732853319245,100
2,0.6,99.4318181818182,0.0790479104860564,1.13636363636364
2,0.8,99.4318181818182,0.0957126050754286,42.6136363636364
2,1,99.4318181818182,0.112403978973139,68.75
2,1.2,99.4318181818182,0.128895355016418,89.7727272727273
2,1.4,99.4318181818182,0.142272776924853,99.4318181818182
