channel,family,model,features,tpr_stealthy,tpr_ci,fpr,fpr_ci,auc
PF,bdd,BDD,-,0.0000,0.0000,0.0093,0.0039,0.5031
PF,oracle,Oracle,F2,1.0000,0.0000,0.0073,0.0012,1.0000
PF,semi,PCA-SPE,F1,1.0000,0.0000,0.0127,0.0029,1.0000
PF,semi,PCA-SPE,F2,1.0000,0.0000,0.0118,0.0033,1.0000
PF,semi,PCA-SPE,F3,1.0000,0.0000,0.0149,0.0033,1.0000
PF,semi,PCA-T2,F1,1.0000,0.0000,0.0121,0.0055,1.0000
PF,semi,PCA-T2,F2,1.0000,0.0000,0.0160,0.0083,1.0000
PF,semi,PCA-T2,F3,1.0000,0.0000,0.0100,0.0030,1.0000
PF,semi,AE-MLP,F1,1.0000,0.0000,0.0110,0.0032,1.0000
PF,semi,AE-MLP,F2,1.0000,0.0000,0.0061,0.0011,1.0000
PF,semi,AE-MLP,F3,1.0000,0.0000,0.0120,0.0034,1.0000
PF,semi,OC-SVM,F1,1.0000,0.0000,0.0176,0.0118,1.0000
PF,semi,OC-SVM,F2,1.0000,0.0000,0.0126,0.0040,1.0000
PF,semi,OC-SVM,F3,1.0000,0.0000,0.0156,0.0094,1.0000
PF,semi,IForest,F1,0.0375,0.0253,0.0171,0.0118,0.9655
PF,semi,IForest,F2,0.0144,0.0033,0.0095,0.0042,0.9424
PF,semi,IForest,F3,0.1376,0.0648,0.0167,0.0115,0.9763
PF,sup,LogReg,F1,1.0000,0.0000,0.0077,0.0060,1.0000
PF,sup,LogReg,F2,1.0000,0.0000,0.0111,0.0038,1.0000
PF,sup,LogReg,F3,1.0000,0.0000,0.0101,0.0029,1.0000
PF,sup,RF,F1,1.0000,0.0000,0.0041,0.0018,1.0000
PF,sup,RF,F2,1.0000,0.0000,0.0041,0.0030,1.0000
PF,sup,RF,F3,1.0000,0.0000,0.0035,0.0014,1.0000
PF,sup,HistGB,F1,1.0000,0.0000,0.0127,0.0053,1.0000
PF,sup,HistGB,F2,1.0000,0.0000,0.0080,0.0019,1.0000
PF,sup,HistGB,F3,1.0000,0.0000,0.0118,0.0063,1.0000
PF,sup,MLP,F1,1.0000,0.0000,0.0104,0.0036,1.0000
PF,sup,MLP,F2,1.0000,0.0000,0.0086,0.0040,1.0000
PF,sup,MLP,F3,1.0000,0.0000,0.0136,0.0065,1.0000
QV,bdd,BDD,-,0.0000,0.0000,0.0091,0.0018,0.4906
QV,oracle,Oracle,F2,0.9719,0.0088,0.0076,0.0017,0.9965
QV,semi,PCA-SPE,F1,0.7063,0.0614,0.0099,0.0015,0.9629
QV,semi,PCA-SPE,F2,0.7393,0.0492,0.0131,0.0021,0.9663
QV,semi,PCA-SPE,F3,0.8321,0.0529,0.0093,0.0007,0.9840
QV,semi,PCA-T2,F1,0.4706,0.0656,0.0108,0.0042,0.9014
QV,semi,PCA-T2,F2,0.9972,0.0006,0.0153,0.0071,0.9993
QV,semi,PCA-T2,F3,0.9555,0.0121,0.0111,0.0039,0.9949
QV,semi,AE-MLP,F1,0.6914,0.0703,0.0099,0.0011,0.9608
QV,semi,AE-MLP,F2,0.6834,0.0876,0.0103,0.0038,0.9536
QV,semi,AE-MLP,F3,0.9380,0.0248,0.0077,0.0024,0.9958
QV,semi,OC-SVM,F1,0.4059,0.1034,0.0165,0.0129,0.9328
QV,semi,OC-SVM,F2,0.9563,0.0126,0.0144,0.0063,0.9932
QV,semi,OC-SVM,F3,0.8530,0.0347,0.0133,0.0104,0.9876
QV,semi,IForest,F1,0.0223,0.0180,0.0163,0.0119,0.7949
QV,semi,IForest,F2,0.0387,0.0075,0.0180,0.0046,0.7713
QV,semi,IForest,F3,0.0274,0.0225,0.0170,0.0121,0.7266
QV,sup,LogReg,F1,1.0000,0.0000,0.0105,0.0024,1.0000
QV,sup,LogReg,F2,0.9941,0.0036,0.0104,0.0043,0.9997
QV,sup,LogReg,F3,1.0000,0.0000,0.0117,0.0036,1.0000
QV,sup,RF,F1,1.0000,0.0000,0.0100,0.0059,1.0000
QV,sup,RF,F2,0.9946,0.0032,0.0111,0.0030,0.9993
QV,sup,RF,F3,0.9998,0.0005,0.0073,0.0009,1.0000
QV,sup,HistGB,F1,0.9996,0.0007,0.0079,0.0030,1.0000
QV,sup,HistGB,F2,0.9938,0.0029,0.0111,0.0024,0.9994
QV,sup,HistGB,F3,0.9990,0.0008,0.0080,0.0019,1.0000
QV,sup,MLP,F1,1.0000,0.0000,0.0103,0.0011,1.0000
QV,sup,MLP,F2,0.9931,0.0044,0.0093,0.0026,0.9997
QV,sup,MLP,F3,1.0000,0.0000,0.0106,0.0014,1.0000