train_ch,test_ch,model,fs,tpr_stealthy,tpr_ci,fpr,fpr_ci
PF,QV,LogReg,F1,0.0020,0.0016,0.0082,0.0043
PF,QV,RF,F1,0.1340,0.0587,0.0035,0.0011
PF,QV,HistGB,F1,0.1644,0.0642,0.0134,0.0044
PF,QV,MLP,F1,0.0061,0.0052,0.0103,0.0051
PF,QV,LogReg,F3,0.0061,0.0008,0.0093,0.0030
PF,QV,RF,F3,0.0642,0.0288,0.0049,0.0010
PF,QV,HistGB,F3,0.9366,0.0151,0.0124,0.0058
PF,QV,MLP,F3,0.0095,0.0037,0.0138,0.0068
QV,PF,LogReg,F1,1.0000,0.0000,0.0129,0.0045
QV,PF,RF,F1,1.0000,0.0000,0.0103,0.0032
QV,PF,HistGB,F1,1.0000,0.0000,0.0075,0.0025
QV,PF,MLP,F1,1.0000,0.0000,0.0116,0.0014
QV,PF,LogReg,F3,0.0006,0.0011,0.0113,0.0033
QV,PF,RF,F3,1.0000,0.0000,0.0064,0.0020
QV,PF,HistGB,F3,1.0000,0.0000,0.0065,0.0026
QV,PF,MLP,F3,0.0000,0.0000,0.0097,0.0022