channel,rate,model,tpr_stealthy,tpr_ci,fpr,fpr_ci
PF,0.005,PCA-SPE,0.0234,0.0104,0.0132,0.0020
PF,0.005,PCA-T2,1.0000,0.0000,0.0143,0.0058
PF,0.005,AE-MLP,0.6703,0.0135,0.0156,0.0038
PF,0.005,OC-SVM,1.0000,0.0000,0.0176,0.0115
PF,0.005,IForest,0.5542,0.0393,0.0176,0.0120
PF,0.010,PCA-SPE,0.0209,0.0071,0.0155,0.0020
PF,0.010,PCA-T2,0.9998,0.0006,0.0158,0.0060
PF,0.010,AE-MLP,0.4852,0.0216,0.0180,0.0038
PF,0.010,OC-SVM,1.0000,0.0000,0.0171,0.0108
PF,0.010,IForest,0.6844,0.0142,0.0170,0.0115
PF,0.020,PCA-SPE,0.0194,0.0052,0.0135,0.0009
PF,0.020,PCA-T2,0.8980,0.0116,0.0129,0.0045
PF,0.020,AE-MLP,0.2789,0.0135,0.0137,0.0041
PF,0.020,OC-SVM,0.9996,0.0007,0.0172,0.0104
PF,0.020,IForest,0.6614,0.0204,0.0167,0.0112
PF,0.050,PCA-SPE,0.0167,0.0076,0.0149,0.0030
PF,0.050,PCA-T2,0.5281,0.0142,0.0149,0.0039
PF,0.050,AE-MLP,0.0780,0.0121,0.0143,0.0033
PF,0.050,OC-SVM,0.3994,0.0658,0.0151,0.0091
PF,0.050,IForest,0.3251,0.0321,0.0167,0.0115
QV,0.005,PCA-SPE,0.5296,0.0922,0.0095,0.0018
QV,0.005,PCA-T2,0.5186,0.0723,0.0111,0.0050
QV,0.005,AE-MLP,0.5111,0.0873,0.0100,0.0014
QV,0.005,OC-SVM,0.3033,0.1013,0.0164,0.0129
QV,0.005,IForest,0.0221,0.0177,0.0163,0.0118
QV,0.010,PCA-SPE,0.4124,0.0974,0.0103,0.0017
QV,0.010,PCA-T2,0.5281,0.0730,0.0103,0.0041
QV,0.010,AE-MLP,0.0922,0.0057,0.0111,0.0028
QV,0.010,OC-SVM,0.2394,0.0988,0.0165,0.0129
QV,0.010,IForest,0.0205,0.0166,0.0165,0.0120
QV,0.020,PCA-SPE,0.1323,0.0378,0.0090,0.0013
QV,0.020,PCA-T2,0.4922,0.0737,0.0121,0.0053
QV,0.020,AE-MLP,0.0323,0.0090,0.0115,0.0018
QV,0.020,OC-SVM,0.1942,0.0801,0.0161,0.0129
QV,0.020,IForest,0.0244,0.0200,0.0174,0.0129
QV,0.050,PCA-SPE,0.0272,0.0082,0.0096,0.0013
QV,0.050,PCA-T2,0.3050,0.0771,0.0118,0.0056
QV,0.050,AE-MLP,0.0276,0.0106,0.0118,0.0019
QV,0.050,OC-SVM,0.0983,0.0573,0.0163,0.0128
QV,0.050,IForest,0.0221,0.0179,0.0165,0.0126