channel,magScale,n_stealthy,mean_abs_dev,p_shed,mean_footprint,tpr_PCA-SPE_F1,tpr_AE-MLP_F1,tpr_PCA-SPE_F3,tpr_RF_F1,tpr_LogReg_F1,tpr_BDD,tpr_Oracle
PF,0.2,470,0.06105512416393607,0.0,0.060339040022665325,1.0,1.0,1.0,0.8723404255319149,0.9957446808510638,0.0,1.0
PF,0.4,470,0.12139416418660737,0.0,0.12067808004533069,1.0,1.0,1.0,1.0,1.0,0.0,1.0
PF,0.6,470,0.18064733438300148,0.3893617021276596,0.1810171200680408,1.0,1.0,1.0,1.0,1.0,0.0,1.0
PF,0.8,470,0.2252521422318635,0.6914893617021277,0.2413561600906613,1.0,1.0,1.0,1.0,1.0,0.0,1.0
PF,1.0,470,0.2548877872779434,0.8957446808510638,0.30169520011333656,1.0,1.0,1.0,1.0,1.0,0.0,1.0
PF,1.2,435,0.26870452313715515,0.9862068965517241,0.34980999466557716,1.0,1.0,1.0,1.0,1.0,0.0,1.0
PF,1.4,335,0.27358177252053234,1.0,0.36768516519554095,1.0,1.0,1.0,1.0,1.0,0.0,1.0
QV,0.2,500,0.04455081832301339,0.0,0.0019416812516782924,0.012,0.022,0.024,0.23,0.372,0.0,0.098
QV,0.4,500,0.06104539352934765,0.0,0.0038833625033566303,0.074,0.076,0.124,0.816,0.894,0.0,0.448
QV,0.6,500,0.07756231949971112,0.032,0.005825043757597815,0.292,0.26,0.408,0.97,0.996,0.0,0.736
QV,0.8,500,0.09410302649003371,0.392,0.007766725006713314,0.52,0.508,0.676,0.996,1.0,0.0,0.908
QV,1.0,500,0.11066907953159204,0.686,0.009708406261140804,0.754,0.73,0.852,1.0,1.0,0.0,0.976
QV,1.2,500,0.12693346376931927,0.852,0.011650087515195705,0.862,0.852,0.932,1.0,1.0,0.0,0.988
QV,1.4,500,0.13989494026108426,0.946,0.013591768772286395,0.938,0.93,0.974,1.0,1.0,0.0,0.996